{"cameraMode":{"drawMode":0,"name":"Shaded","section":"Shading Mode"},"sceneLighting":true,"audioPlay":false,"sceneViewState":{"m_AlwaysRefresh":false,"showFog":true,"showSkybox":true,"showFlares":true,"showImageEffects":true,"showParticleSystems":true,"showVisualEffectGraphs":true,"m_FxEnabled":true},"in2DMode":false,"pivot":{"x":19.959142684936525,"y":3.785221576690674,"z":0.00000476837158203125},"rotation":{"x":-0.05960668623447418,"y":0.9149885773658752,"z":-0.14701229333877564,"w":-0.3709855377674103},"size":5.828084468841553,"orthographic":false}